,Artist Name,Track,Main Genre,Popularity,Year in Top 50
0,Harry Styles,As It Was,pop,89,2021
1,Glass Animals,Heat Waves,gauze pop,78,2021
2,The Kid LAROI,STAY (with Justin Bieber),australian hip hop,81,2021
3,Justin Bieber,STAY (with Justin Bieber),canadian pop,90,2021
4,Bad Bunny,Me Porto Bonito,reggaeton,98,2021
5,Chencho Corleone,Me Porto Bonito,reggaeton flow,83,2021
6,Bad Bunny,Tití Me Preguntó,reggaeton,98,2021
7,Elton John,Cold Heart - PNAU Remix,glam rock,84,2021
8,Dua Lipa,Cold Heart - PNAU Remix,dance pop,87,2021
9,PNAU,Cold Heart - PNAU Remix,alternative dance,73,2021
10,Imagine Dragons,Enemy (with JID) - from the series Arcane League of Legends,modern rock,88,2021
11,JID,Enemy (with JID) - from the series Arcane League of Legends,hip hop,78,2021
12,League of Legends,Enemy (with JID) - from the series Arcane League of Legends,speedrun,79,2021
13,Bizarrap,"Quevedo: Bzrp Music Sessions, Vol. 52",argentine hip hop,85,2021
14,Quevedo,"Quevedo: Bzrp Music Sessions, Vol. 52",rap canario,85,2021
15,Bad Bunny,Ojitos Lindos,reggaeton,98,2021
16,Bomba Estéreo,Ojitos Lindos,cumbia,76,2021
17,Kate Bush,Running Up That Hill (A Deal With God) - 2018 Remaster,art pop,73,2021
18,Lil Nas X,INDUSTRY BABY (feat. Jack Harlow),lgbtq+ hip hop,82,2021
19,Jack Harlow,INDUSTRY BABY (feat. Jack Harlow),deep underground hip hop,81,2021
20,GAYLE,abcdefu,modern alternative pop,69,2021
21,Bad Bunny,Efecto,reggaeton,98,2021
22,Justin Bieber,Ghost,canadian pop,90,2021
23,Joji,Glimpse of Us,viral pop,86,2021
24,Bad Bunny,Moscow Mule,reggaeton,98,2021
25,Ed Sheeran,Shivers,pop,90,2021
26,Adele,Easy On Me,british soul,84,2021
27,Elley Duhé,MIDDLE OF THE NIGHT,alt z,76,2021
28,Doja Cat,Woman,dance pop,86,2021
29,The Neighbourhood,Sweater Weather,modern alternative rock,84,2021
30,Rauw Alejandro,Desesperados,puerto rican pop,89,2021
31,Chencho Corleone,Desesperados,reggaeton flow,83,2021
32,Tom Odell,Another Love,chill pop,78,2021
33,KAROL G,PROVENZA,reggaeton,85,2021
34,Camila Cabello,Bam Bam (feat. Ed Sheeran),dance pop,81,2021
35,Ed Sheeran,Bam Bam (feat. Ed Sheeran),pop,90,2021
36,Jack Harlow,First Class,deep underground hip hop,81,2021
37,The Weeknd,Blinding Lights,canadian contemporary r&b,93,2021
38,Becky G,MAMIII,dance pop,78,2021
39,KAROL G,MAMIII,reggaeton,85,2021
40,Lost Frequencies,Where Are You Now,belgian edm,75,2021
41,Calum Scott,Where Are You Now,neo mellow,77,2021
42,Ed Sheeran,Bad Habits,pop,90,2021
43,Farruko,Pepas,latin hip hop,83,2021
44,Olivia Rodrigo,good 4 u,pop,83,2021
45,Ruth B.,Dandelions,alt z,75,2021
46,Lizzo,About Damn Time,escape room,78,2021
47,Lil Nas X,THATS WHAT I WANT,lgbtq+ hip hop,82,2021
48,OneRepublic,I Ain't Worried,piano rock,84,2021
49,Coldplay,My Universe,permanent wave,88,2021
50,BTS,My Universe,k-pop,91,2021
51,Manuel Turizo,La Bachata,colombian pop,84,2021
52,Cris Mj,Una Noche en Medellín,mambo chileno,78,2021
53,The Walters,I Love You So,chicago indie,71,2021
54,Jaymes Young,Infinity,modern rock,70,2021
55,Bad Bunny,Party,reggaeton,98,2021
56,Rauw Alejandro,Party,puerto rican pop,89,2021
57,Harry Styles,Watermelon Sugar,pop,89,2021
58,Tiësto,The Motto,big room,83,2021
59,Ava Max,The Motto,dance pop,80,2021
60,Olivia Rodrigo,traitor,pop,83,2021
61,Harry Styles,Late Night Talking,pop,89,2021
62,Stephen Sanchez,Until I Found You,gen z singer-songwriter,76,2021
63,Tainy,Lo Siento BB:/ (with Bad Bunny & Julieta Venegas),latin hip hop,77,2021
64,Bad Bunny,Lo Siento BB:/ (with Bad Bunny & Julieta Venegas),reggaeton,98,2021
65,Julieta Venegas,Lo Siento BB:/ (with Bad Bunny & Julieta Venegas),latin alternative,74,2021
66,Bad Bunny,Yonaguni,reggaeton,98,2021
67,Bad Bunny,Tarot,reggaeton,98,2021
68,Jhayco,Tarot,reggaeton,82,2021
69,The Weeknd,Blinding Lights,canadian contemporary r&b,93,2020
70,Tones And I,Dance Monkey,australian pop,70,2020
71,Roddy Ricch,The Box,melodic rap,81,2020
72,SAINt JHN,Roses - Imanbek Remix,melodic rap,70,2020
73,Imanbek,Roses - Imanbek Remix,dance pop,75,2020
74,Dua Lipa,Don't Start Now,dance pop,87,2020
75,DaBaby,ROCKSTAR (feat. Roddy Ricch),north carolina hip hop,81,2020
76,Roddy Ricch,ROCKSTAR (feat. Roddy Ricch),melodic rap,81,2020
77,Harry Styles,Watermelon Sugar,pop,89,2020
78,Powfu,death bed (coffee for your head),sad rap,70,2020
79,beabadoobee,death bed (coffee for your head),bedroom pop,73,2020
80,Trevor Daniel,Falling,melodic rap,66,2020
81,Lewis Capaldi,Someone You Loved,pop,80,2020
82,KAROL G,Tusa,reggaeton,85,2020
83,Nicki Minaj,Tusa,dance pop,85,2020
84,Arizona Zervas,ROXANNE,pop,66,2020
85,Post Malone,Circles,dfw rap,87,2020
86,Lil Mosey,Blueberry Faygo,melodic rap,70,2020
87,Justin Bieber,Intentions (feat. Quavo),canadian pop,90,2020
88,Quavo,Intentions (feat. Quavo),atl hip hop,81,2020
89,Drake,Toosie Slide,canadian hip hop,97,2020
90,Lewis Capaldi,Before You Go,pop,80,2020
91,Doja Cat,Say So,dance pop,86,2020
92,Maroon 5,Memories,pop,85,2020
93,Future,Life Is Good (feat. Drake),atl hip hop,87,2020
94,Drake,Life Is Good (feat. Drake),canadian hip hop,97,2020
95,Jawsh 685,Savage Love (Laxed - Siren Beat),nz pop,62,2020
96,Jason Derulo,Savage Love (Laxed - Siren Beat),dance pop,79,2020
97,Harry Styles,Adore You,pop,89,2020
98,Topic,Breaking Me,dance pop,73,2020
99,A7S,Breaking Me,scandipop,70,2020
100,24kGoldn,Mood (feat. iann dior),cali rap,73,2020
101,iann dior,Mood (feat. iann dior),melodic rap,74,2020
102,Billie Eilish,everything i wanted,art pop,88,2020
103,Shawn Mendes,Señorita,canadian pop,84,2020
104,Camila Cabello,Señorita,dance pop,81,2020
105,Billie Eilish,bad guy,art pop,88,2020
106,Cardi B,WAP (feat. Megan Thee Stallion),dance pop,80,2020
107,Megan Thee Stallion,WAP (feat. Megan Thee Stallion),dance pop,79,2020
108,Surfaces,Sunday Best,bedroom soul,69,2020
109,Eminem,Godzilla (feat. Juice WRLD),detroit hip hop,91,2020
110,Juice WRLD,Godzilla (feat. Juice WRLD),chicago rap,89,2020
111,Justin Bieber,Yummy,canadian pop,90,2020
112,Dua Lipa,Break My Heart,dance pop,87,2020
113,BTS,Dynamite,k-pop,91,2020
114,BENEE,Supalonely (feat. Gus Dapperton),alt z,67,2020
115,Gus Dapperton,Supalonely (feat. Gus Dapperton),bedroom pop,60,2020
116,Surf Mesa,ily (i love you baby) (feat. Emilee),tropical house,62,2020
117,Emilee,ily (i love you baby) (feat. Emilee),social media pop,60,2020
118,Lady Gaga,Rain On Me (with Ariana Grande),art pop,84,2020
119,Ariana Grande,Rain On Me (with Ariana Grande),dance pop,89,2020
120,Travis Scott,HIGHEST IN THE ROOM,rap,88,2020
121,Post Malone,Sunflower - Spider-Man: Into the Spider-Verse,dfw rap,87,2020
122,Swae Lee,Sunflower - Spider-Man: Into the Spider-Verse,melodic rap,76,2020
123,Maluma,Hawái,reggaeton,84,2020
124,Regard,Ride It,dance pop,70,2020
125,Travis Scott,goosebumps,rap,88,2020
126,Black Eyed Peas,RITMO (Bad Boys For Life),dance pop,80,2020
127,J Balvin,RITMO (Bad Boys For Life),reggaeton,87,2020
128,Travis Scott,THE SCOTTS,rap,88,2020
129,Kid Cudi,THE SCOTTS,hip hop,81,2020
130,Bad Bunny,Safaera,reggaeton,98,2020
131,Jowell & Randy,Safaera,latin hip hop,69,2020
132,Ñengo Flow,Safaera,latin hip hop,79,2020
133,Billie Eilish,lovely (with Khalid),art pop,88,2020
134,Khalid,lovely (with Khalid),pop,85,2020
135,Juice WRLD,Lucid Dreams,chicago rap,89,2020
136,Ariana Grande,Stuck with U (with Justin Bieber),dance pop,89,2020
137,Justin Bieber,Stuck with U (with Justin Bieber),canadian pop,90,2020
138,JP Saxe,If the World Was Ending (feat. Julia Michaels),alt z,67,2020
139,Julia Michaels,If the World Was Ending (feat. Julia Michaels),alt z,75,2020
140,Dua Lipa,Physical,dance pop,87,2020
141,Travis Scott,SICKO MODE,rap,88,2020
142,Lil Nas X,Old Town Road - Remix,lgbtq+ hip hop,82,2019
143,Billy Ray Cyrus,Old Town Road - Remix,country,63,2019
144,Billie Eilish,bad guy,art pop,88,2019
145,Shawn Mendes,Señorita,canadian pop,84,2019
146,Camila Cabello,Señorita,dance pop,81,2019
147,Ariana Grande,7 rings,dance pop,89,2019
148,Post Malone,Sunflower - Spider-Man: Into the Spider-Verse,dfw rap,87,2019
149,Swae Lee,Sunflower - Spider-Man: Into the Spider-Verse,melodic rap,76,2019
150,Lewis Capaldi,Someone You Loved,pop,80,2019
151,Halsey,Without Me,dance pop,82,2019
152,Alec Benjamin,Let Me Down Slowly,alt z,76,2019
153,Lady Gaga,Shallow,art pop,84,2019
154,Bradley Cooper,Shallow,hollywood,69,2019
155,Billie Eilish,lovely (with Khalid),art pop,88,2019
156,Khalid,lovely (with Khalid),pop,85,2019
157,Post Malone,Circles,dfw rap,87,2019
158,Gesaffelstein,Lost in the Fire (feat. The Weeknd),dark clubbing,75,2019
159,The Weeknd,Lost in the Fire (feat. The Weeknd),canadian contemporary r&b,93,2019
160,Taylor Swift,Cruel Summer,pop,100,2019
161,Ariana Grande,"thank u, next",dance pop,89,2019
162,Billie Eilish,when the party's over,art pop,88,2019
163,Lana Del Rey,Doin' Time,art pop,88,2019
164,Travis Scott,SICKO MODE,rap,88,2019
165,Juice WRLD,Robbery,chicago rap,89,2019
166,Selena Gomez,Lose You To Love Me,dance pop,84,2019
167,J. Cole,MIDDLE CHILD,conscious hip hop,85,2019
168,Post Malone,Wow.,dfw rap,87,2019
169,Taylor Swift,Lover,pop,100,2019
170,21 Savage,a lot,atl hip hop,92,2019
171,Panic! At The Disco,High Hopes,modern rock,77,2019
172,Ava Max,Sweet but Psycho,dance pop,80,2019
173,Jonas Brothers,Sucker,boy band,75,2019
174,"Tyler, The Creator",EARFQUAKE,hip hop,84,2019
175,Lewis Capaldi,Bruises,pop,80,2019
176,BTS,Boy With Luv (feat. Halsey),k-pop,91,2019
177,Halsey,Boy With Luv (feat. Halsey),dance pop,82,2019
178,Lil Tecca,Ransom,melodic rap,76,2019
179,Post Malone,Better Now,dfw rap,87,2019
180,Ariana Grande,boyfriend (with Social House),dance pop,89,2019
181,Social House,boyfriend (with Social House),pop,64,2019
182,Regard,Ride It,dance pop,70,2019
183,Meek Mill,Going Bad (feat. Drake),hip hop,75,2019
184,Drake,Going Bad (feat. Drake),canadian hip hop,97,2019
185,Bad Bunny,Callaita,reggaeton,98,2019
186,Tainy,Callaita,latin hip hop,77,2019
187,Post Malone,Goodbyes (feat. Young Thug),dfw rap,87,2019
188,Young Thug,Goodbyes (feat. Young Thug),atl hip hop,83,2019
189,Lewis Capaldi,Hold Me While You Wait,pop,80,2019
190,Daddy Yankee,Con Calma,latin hip hop,87,2019
191,Snow,Con Calma,canadian old school hip hop,62,2019
192,Dua Lipa,Don't Start Now,dance pop,87,2019
193,Dave,Location (feat. Burna Boy),uk hip hop,75,2019
194,Burna Boy,Location (feat. Burna Boy),afro dancehall,80,2019
195,Khalid,Better,pop,85,2019
196,Bad Bunny,MIA (feat. Drake),reggaeton,98,2019
197,Drake,MIA (feat. Drake),canadian hip hop,97,2019
198,Tones And I,Dance Monkey,australian pop,70,2019
199,Ariana Grande,"break up with your girlfriend, i'm bored",dance pop,89,2019
200,Polo G,Pop Out (feat. Lil Tjay),chicago rap,83,2019
201,Lil Tjay,Pop Out (feat. Lil Tjay),brooklyn drill,80,2019
202,Drake,Money In The Grave (Drake ft. Rick Ross),canadian hip hop,97,2019
203,Rick Ross,Money In The Grave (Drake ft. Rick Ross),dirty south rap,76,2019
204,Mark Ronson,Nothing Breaks Like a Heart (feat. Miley Cyrus),dance pop,73,2019
205,Miley Cyrus,Nothing Breaks Like a Heart (feat. Miley Cyrus),dance pop,80,2019
206,Mustard,Pure Water (with Migos),cali rap,73,2019
207,Migos,Pure Water (with Migos),atl hip hop,78,2019
208,Taylor Swift,You Need To Calm Down,pop,100,2019
209,Dan + Shay,"10,000 Hours (with Justin Bieber)",contemporary country,72,2019
210,Justin Bieber,"10,000 Hours (with Justin Bieber)",canadian pop,90,2019
211,Drake,God's Plan,canadian hip hop,97,2018
212,Post Malone,rockstar (feat. 21 Savage),dfw rap,87,2018
213,21 Savage,rockstar (feat. 21 Savage),atl hip hop,92,2018
214,Billie Eilish,lovely (with Khalid),art pop,88,2018
215,Khalid,lovely (with Khalid),pop,85,2018
216,The Weeknd,Call Out My Name,canadian contemporary r&b,93,2018
217,Calvin Harris,One Kiss (with Dua Lipa),dance pop,83,2018
218,Dua Lipa,One Kiss (with Dua Lipa),dance pop,87,2018
219,Juice WRLD,Lucid Dreams,chicago rap,89,2018
220,Zedd,The Middle,complextro,74,2018
221,Maren Morris,The Middle,contemporary country,72,2018
222,Grey,The Middle,pop edm,65,2018
223,Marshmello,FRIENDS,brostep,82,2018
224,Anne-Marie,FRIENDS,dance pop,77,2018
225,Cardi B,I Like It,dance pop,80,2018
226,Bad Bunny,I Like It,reggaeton,98,2018
227,J Balvin,I Like It,reggaeton,87,2018
228,girl in red,we fell in love in october,bedroom pop,76,2018
229,Ariana Grande,no tears left to cry,dance pop,89,2018
230,Kendrick Lamar,All The Stars (with SZA),conscious hip hop,88,2018
231,SZA,All The Stars (with SZA),pop,84,2018
232,XXXTENTACION,SAD!,emo rap,87,2018
233,Lil Baby,Yes Indeed,atl hip hop,89,2018
234,Drake,Yes Indeed,canadian hip hop,97,2018
235,Offset,Ric Flair Drip (with Metro Boomin),atl hip hop,77,2018
236,Metro Boomin,Ric Flair Drip (with Metro Boomin),hip hop,80,2018
237,Marshmello,Happier,brostep,82,2018
238,Bastille,Happier,metropopolis,74,2018
239,Travis Scott,SICKO MODE,rap,88,2018
240,Kendrick Lamar,LOVE. FEAT. ZACARI.,conscious hip hop,88,2018
241,Zacari,LOVE. FEAT. ZACARI.,gqom,66,2018
242,XXXTENTACION,Moonlight,emo rap,87,2018
243,Anne-Marie,2002,dance pop,77,2018
244,Imagine Dragons,Natural,modern rock,88,2018
245,Post Malone,Better Now,dfw rap,87,2018
246,Marshmello,Silence,brostep,82,2018
247,Khalid,Silence,pop,85,2018
248,NF,Let You Down,hip hop,79,2018
249,Lauv,I Like Me Better,pop,76,2018
250,Selena Gomez,Wolves,dance pop,84,2018
251,Marshmello,Wolves,brostep,82,2018
252,Dean Lewis,Be Alright,australian pop,78,2018
253,XXXTENTACION,changes,emo rap,87,2018
254,Dua Lipa,IDGAF,dance pop,87,2018
255,Ariana Grande,God is a woman,dance pop,89,2018
256,Taylor Swift,Delicate,pop,100,2018
257,Drake,Nonstop,canadian hip hop,97,2018
258,Dynoro,In My Mind,edm,65,2018
259,Gigi D'Agostino,In My Mind,eurodance,67,2018
260,G-Eazy,Him & I (with Halsey),indie pop rap,74,2018
261,Halsey,Him & I (with Halsey),dance pop,82,2018
262,Migos,Stir Fry,atl hip hop,78,2018
263,Sheck Wes,Mo Bamba,rap,64,2018
264,Nio Garcia,Te Boté - Remix,latin hip hop,72,2018
265,Casper Magico,Te Boté - Remix,latin hip hop,69,2018
266,Bad Bunny,Te Boté - Remix,reggaeton,98,2018
267,Darell,Te Boté - Remix,latin hip hop,75,2018
268,Ozuna,Te Boté - Remix,puerto rican pop,88,2018
269,Nicky Jam,Te Boté - Remix,latin hip hop,81,2018
270,Post Malone,Psycho (feat. Ty Dolla $ign),dfw rap,87,2018
271,Ty Dolla $ign,Psycho (feat. Ty Dolla $ign),dance pop,80,2018
272,Sofía Reyes,"1, 2, 3 (feat. Jason Derulo & De La Ghetto)",dance pop,70,2018
273,Jason Derulo,"1, 2, 3 (feat. Jason Derulo & De La Ghetto)",dance pop,79,2018
274,De La Ghetto,"1, 2, 3 (feat. Jason Derulo & De La Ghetto)",latin hip hop,80,2018
275,Migos,Walk It Talk It,atl hip hop,78,2018
276,Drake,Walk It Talk It,canadian hip hop,97,2018
277,Drake,Nice For What,canadian hip hop,97,2018
278,George Ezra,Shotgun,folk-pop,73,2018
279,Hailee Steinfeld,"Let Me Go (with Alesso, Florida Georgia Line & watt)",dance pop,71,2018
280,Alesso,"Let Me Go (with Alesso, Florida Georgia Line & watt)",dance pop,75,2018
281,Florida Georgia Line,"Let Me Go (with Alesso, Florida Georgia Line & watt)",contemporary country,74,2018
282,WATT,"Let Me Go (with Alesso, Florida Georgia Line & watt)",modern alternative rock,60,2018
283,DJ Snake,"Taki Taki (with Selena Gomez, Ozuna & Cardi B)",dance pop,77,2018
284,Selena Gomez,"Taki Taki (with Selena Gomez, Ozuna & Cardi B)",dance pop,84,2018
285,Ozuna,"Taki Taki (with Selena Gomez, Ozuna & Cardi B)",puerto rican pop,88,2018
286,Cardi B,"Taki Taki (with Selena Gomez, Ozuna & Cardi B)",dance pop,80,2018
287,Piso 21,Déjala Que Vuelva (feat. Manuel Turizo),colombian pop,76,2018
288,Manuel Turizo,Déjala Que Vuelva (feat. Manuel Turizo),colombian pop,84,2018
289,Drake,In My Feelings,canadian hip hop,97,2018
290,Bazzi,Mine,dance pop,72,2018
291,Loud Luxury,Body,dance pop,68,2018
292,Brando,Body,covertronica,67,2018
293,Shawn Mendes,In My Blood,canadian pop,84,2018
294,benny blanco,Eastside (with Halsey & Khalid),dance pop,74,2018
295,Halsey,Eastside (with Halsey & Khalid),dance pop,82,2018
296,Khalid,Eastside (with Halsey & Khalid),pop,85,2018
297,Ed Sheeran,Shape of You,pop,90,2017
298,Imagine Dragons,Believer,modern rock,88,2017
299,Luis Fonsi,Despacito,latin pop,74,2017
300,Daddy Yankee,Despacito,latin hip hop,87,2017
301,Machine Gun Kelly,Bad Things (with Camila Cabello),ohio hip hop,80,2017
302,Camila Cabello,Bad Things (with Camila Cabello),dance pop,81,2017
303,Clean Bandit,Rockabye (feat. Sean Paul & Anne-Marie),dance pop,74,2017
304,Sean Paul,Rockabye (feat. Sean Paul & Anne-Marie),dance pop,79,2017
305,Anne-Marie,Rockabye (feat. Sean Paul & Anne-Marie),dance pop,77,2017
306,Camila Cabello,Havana (feat. Young Thug),dance pop,81,2017
307,Young Thug,Havana (feat. Young Thug),atl hip hop,83,2017
308,Imagine Dragons,Thunder,modern rock,88,2017
309,Maroon 5,Don't Wanna Know (feat. Kendrick Lamar),pop,85,2017
310,Kendrick Lamar,Don't Wanna Know (feat. Kendrick Lamar),conscious hip hop,88,2017
311,The Chainsmokers,Something Just Like This,dance pop,80,2017
312,Coldplay,Something Just Like This,permanent wave,88,2017
313,Ed Sheeran,Perfect,pop,90,2017
314,Shawn Mendes,There's Nothing Holdin' Me Back,canadian pop,84,2017
315,James Arthur,Say You Won't Let Go,pop,79,2017
316,Billie Eilish,Bored,art pop,88,2017
317,Rihanna,Love On The Brain,barbadian pop,89,2017
318,XXXTENTACION,Jocelyn Flores,emo rap,87,2017
319,Travis Scott,goosebumps,rap,88,2017
320,Kendrick Lamar,HUMBLE.,conscious hip hop,88,2017
321,Harry Styles,Sign of the Times,pop,89,2017
322,Bruno Mars,That's What I Like,dance pop,87,2017
323,Future,Mask Off,atl hip hop,87,2017
324,Drake,Passionfruit,canadian hip hop,97,2017
325,Lil Uzi Vert,XO Tour Llif3,melodic rap,85,2017
326,MGMT,Little Dark Age,alternative dance,74,2017
327,Sean Paul,No Lie,dance pop,79,2017
328,Dua Lipa,No Lie,dance pop,87,2017
329,Childish Gambino,Redbone,atl hip hop,78,2017
330,Charlie Puth,Attention,dance pop,83,2017
331,Kendrick Lamar,LOVE. FEAT. ZACARI.,conscious hip hop,88,2017
332,Zacari,LOVE. FEAT. ZACARI.,gqom,66,2017
333,Chord Overstreet,Hold On,acoustic pop,64,2017
334,Post Malone,Congratulations,dfw rap,87,2017
335,Quavo,Congratulations,atl hip hop,81,2017
336,Shawn Mendes,Mercy,canadian pop,84,2017
337,French Montana,Unforgettable,gangster rap,74,2017
338,Swae Lee,Unforgettable,melodic rap,76,2017
339,Imagine Dragons,Whatever It Takes,modern rock,88,2017
340,The Weeknd,I Feel It Coming,canadian contemporary r&b,93,2017
341,Daft Punk,I Feel It Coming,electro,80,2017
342,Dua Lipa,New Rules,dance pop,87,2017
343,Ed Sheeran,Happier,pop,90,2017
344,Khalid,Young Dumb & Broke,pop,85,2017
345,ZAYN,I Don’t Wanna Live Forever (Fifty Shades Darker),dance pop,76,2017
346,Taylor Swift,I Don’t Wanna Live Forever (Fifty Shades Darker),pop,100,2017
347,Rag'n'Bone Man,Human,neo soul,67,2017
348,Axwell /\ Ingrosso,More Than You Know,dance pop,64,2017
349,Kendrick Lamar,DNA.,conscious hip hop,88,2017
350,Post Malone,I Fall Apart,dfw rap,87,2017
351,Bruno Mars,24K Magic,dance pop,87,2017
352,Taylor Swift,Look What You Made Me Do,pop,100,2017
353,Travis Scott,BUTTERFLY EFFECT,rap,88,2017
354,A Boogie Wit da Hoodie,Drowning (feat. Kodak Black),melodic rap,81,2017
355,Kodak Black,Drowning (feat. Kodak Black),florida rap,81,2017
356,Ed Sheeran,Galway Girl,pop,90,2017
357,Playboi Carti,Magnolia,atl hip hop,82,2017
358,21 Savage,Bank Account,atl hip hop,92,2017
359,G-Eazy,Him & I (with Halsey),indie pop rap,74,2017
360,Halsey,Him & I (with Halsey),dance pop,82,2017
361,Avicii,Without You (feat. Sandro Cavazza),dance pop,80,2017
362,Sandro Cavazza,Without You (feat. Sandro Cavazza),swedish pop,65,2017
363,The Weeknd,Starboy,canadian contemporary r&b,93,2016
364,Daft Punk,Starboy,electro,80,2016
365,Drake,One Dance,canadian hip hop,97,2016
366,Wizkid,One Dance,afro dancehall,77,2016
367,Kyla,One Dance,uk funky,67,2016
368,Justin Bieber,Love Yourself,canadian pop,90,2016
369,The Chainsmokers,Closer,dance pop,80,2016
370,Halsey,Closer,dance pop,82,2016
371,Adele,Hello,british soul,84,2016
372,Desiigner,Panda,pop rap,63,2016
373,Frank Ocean,Pink + White,hip hop,83,2016
374,Sia,Cheap Thrills (feat. Sean Paul),australian dance,84,2016
375,Sean Paul,Cheap Thrills (feat. Sean Paul),dance pop,79,2016
376,Shawn Mendes,Treat You Better,canadian pop,84,2016
377,Rihanna,Work,barbadian pop,89,2016
378,Drake,Work,canadian hip hop,97,2016
379,Coldplay,Hymn for the Weekend,permanent wave,88,2016
380,Justin Bieber,Sorry,canadian pop,90,2016
381,Justin Timberlake,"CAN'T STOP THE FEELING! (from DreamWorks Animation's ""TROLLS"")",dance pop,79,2016
382,Bryson Tiller,Don't,kentucky hip hop,79,2016
383,DJ Snake,Let Me Love You,dance pop,77,2016
384,Justin Bieber,Let Me Love You,canadian pop,90,2016
385,WILLOW,Wait a Minute!,afrofuturism,74,2016
386,Rihanna,Needed Me,barbadian pop,89,2016
387,Twenty One Pilots,Ride,modern rock,79,2016
388,Calvin Harris,This Is What You Came For,dance pop,83,2016
389,Rihanna,This Is What You Came For,barbadian pop,89,2016
390,DNCE,Cake By The Ocean,dance pop,69,2016
391,Calum Scott,Dancing On My Own,neo mellow,77,2016
392,Lukas Graham,7 Years,danish pop,71,2016
393,Twenty One Pilots,Heathens,modern rock,79,2016
394,The Chainsmokers,Don't Let Me Down,dance pop,80,2016
395,Daya,Don't Let Me Down,alt z,69,2016
396,Martin Garrix,In the Name of Love,dance pop,75,2016
397,Bebe Rexha,In the Name of Love,dance pop,83,2016
398,Alan Walker,Faded,electro house,80,2016
399,Meghan Trainor,NO,dance pop,82,2016
400,James Arthur,Can I Be Him,pop,79,2016
401,Bryson Tiller,Exchange,kentucky hip hop,79,2016
402,Coldplay,Adventure of a Lifetime,permanent wave,88,2016
403,Drake,Hotline Bling,canadian hip hop,97,2016
404,Mike Posner,I Took A Pill In Ibiza - Seeb Remix,dance pop,69,2016
405,Seeb,I Took A Pill In Ibiza - Seeb Remix,dance pop,68,2016
406,gnash,"i hate u, i love u (feat. olivia o'brien)",pop,64,2016
407,Olivia O'Brien,"i hate u, i love u (feat. olivia o'brien)",alt z,68,2016
408,G-Eazy,"Me, Myself & I",indie pop rap,74,2016
409,Bebe Rexha,"Me, Myself & I",dance pop,83,2016
410,ZAYN,PILLOWTALK,dance pop,76,2016
411,Lil Wayne,"Sucker for Pain (with Wiz Khalifa, Imagine Dragons, Logic & Ty Dolla $ign feat. X Ambassadors)",hip hop,84,2016
412,Wiz Khalifa,"Sucker for Pain (with Wiz Khalifa, Imagine Dragons, Logic & Ty Dolla $ign feat. X Ambassadors)",dance pop,81,2016
413,Imagine Dragons,"Sucker for Pain (with Wiz Khalifa, Imagine Dragons, Logic & Ty Dolla $ign feat. X Ambassadors)",modern rock,88,2016
414,X Ambassadors,"Sucker for Pain (with Wiz Khalifa, Imagine Dragons, Logic & Ty Dolla $ign feat. X Ambassadors)",modern alternative rock,70,2016
415,Logic,"Sucker for Pain (with Wiz Khalifa, Imagine Dragons, Logic & Ty Dolla $ign feat. X Ambassadors)",conscious hip hop,76,2016
416,Ty Dolla $ign,"Sucker for Pain (with Wiz Khalifa, Imagine Dragons, Logic & Ty Dolla $ign feat. X Ambassadors)",dance pop,80,2016
417,Post Malone,White Iverson,dfw rap,87,2016
418,Calvin Harris,My Way,dance pop,83,2016
419,Kungs,This Girl (Kungs Vs. Cookin' On 3 Burners),edm,67,2016
420,Cookin' On 3 Burners,This Girl (Kungs Vs. Cookin' On 3 Burners),bboy,59,2016
421,The Lumineers,Ophelia,folk-pop,76,2016
422,Flo Rida,My House,dance pop,77,2016
423,X Ambassadors,Renegades,modern alternative rock,70,2016
424,Tory Lanez,Say It,canadian hip hop,80,2016
425,Jonas Blue,Perfect Strangers,dance pop,73,2016
426,JP Cooper,Perfect Strangers,dance pop,68,2016
427,DJ Snake,Middle,dance pop,77,2016
428,Bipolar Sunshine,Middle,gauze pop,59,2016
429,Fifth Harmony,Work from Home (feat. Ty Dolla $ign),dance pop,68,2016
430,Ty Dolla $ign,Work from Home (feat. Ty Dolla $ign),dance pop,80,2016
431,Alok,Hear Me Now,electro house,78,2016
432,Zeeba,Hear Me Now,brazilian edm,62,2016
433,Bruno Martini,Hear Me Now,brazilian edm,64,2016
434,Hailee Steinfeld,Starving,dance pop,71,2016
435,Grey,Starving,pop edm,65,2016
436,Zedd,Starving,complextro,74,2016
437,Future,Low Life (feat. The Weeknd),atl hip hop,87,2016
438,The Weeknd,Low Life (feat. The Weeknd),canadian contemporary r&b,93,2016
439,Little Mix,Shout Out to My Ex,dance pop,76,2016
440,Mark Ronson,Uptown Funk (feat. Bruno Mars),dance pop,73,2015
441,Bruno Mars,Uptown Funk (feat. Bruno Mars),dance pop,87,2015
442,Ed Sheeran,Thinking out Loud,pop,90,2015
443,Wiz Khalifa,See You Again (feat. Charlie Puth),dance pop,81,2015
444,Charlie Puth,See You Again (feat. Charlie Puth),dance pop,83,2015
445,Justin Bieber,What Do You Mean?,canadian pop,90,2015
446,Major Lazer,Lean On,dance pop,73,2015
447,MØ,Lean On,dance pop,69,2015
448,DJ Snake,Lean On,dance pop,77,2015
449,The Weeknd,"Earned It (Fifty Shades Of Grey) - From The ""Fifty Shades Of Grey"" Soundtrack",canadian contemporary r&b,93,2015
450,Ellie Goulding,"Love Me Like You Do - From ""Fifty Shades Of Grey""",dance pop,78,2015
451,The Neighbourhood,Daddy Issues,modern alternative rock,84,2015
452,Avicii,The Nights,dance pop,80,2015
453,Twenty One Pilots,Stressed Out,modern rock,79,2015
454,Taylor Swift,Blank Space,pop,100,2015
455,Tame Impala,The Less I Know The Better,australian psych,79,2015
456,Justin Bieber,Love Yourself,canadian pop,90,2015
457,The Weeknd,The Hills,canadian contemporary r&b,93,2015
458,Bryson Tiller,Don't,kentucky hip hop,79,2015
459,Ariana Grande,One Last Time,dance pop,89,2015
460,WALK THE MOON,Shut Up and Dance,dance rock,67,2015
461,Avicii,Waiting For Love,dance pop,80,2015
462,Sam Smith,Like I Can,dance pop,88,2015
463,The Weeknd,Can't Feel My Face,canadian contemporary r&b,93,2015
464,BØRNS,Electric Love,modern rock,66,2015
465,Justin Bieber,Sorry,canadian pop,90,2015
466,Fall Out Boy,Centuries,emo,77,2015
467,Demi Lovato,Cool for the Summer,dance pop,79,2015
468,Pitbull,Time of Our Lives,dance pop,81,2015
469,Ne-Yo,Time of Our Lives,dance pop,77,2015
470,One Direction,Drag Me Down,boy band,84,2015
471,Meghan Trainor,Like I'm Gonna Lose You (feat. John Legend),dance pop,82,2015
472,John Legend,Like I'm Gonna Lose You (feat. John Legend),neo soul,77,2015
473,Calvin Harris,Outside (feat. Ellie Goulding),dance pop,83,2015
474,Ellie Goulding,Outside (feat. Ellie Goulding),dance pop,78,2015
475,KALEO,Way down We Go,icelandic indie,67,2015
476,Ariana Grande,Love Me Harder,dance pop,89,2015
477,The Weeknd,Love Me Harder,canadian contemporary r&b,93,2015
478,Drake,Hotline Bling,canadian hip hop,97,2015
479,R. City,Locked Away (feat. Adam Levine),reggae fusion,61,2015
480,Adam Levine,Locked Away (feat. Adam Levine),deep talent show,72,2015
481,Rihanna,FourFiveSeconds,barbadian pop,89,2015
482,Kanye West,FourFiveSeconds,chicago rap,90,2015
483,Paul McCartney,FourFiveSeconds,album rock,72,2015
484,Rob $tone,Chill Bill (feat. J. Davi$ & Spooks),san diego rap,59,2015
485,One Direction,Perfect,boy band,84,2015
486,Zara Larsson,Lush Life,dance pop,75,2015
487,Rachel Platten,Fight Song,dance pop,61,2015
488,Meghan Trainor,Dear Future Husband,dance pop,82,2015
489,Robin Schulz,Sugar (feat. Francesco Yates),dance pop,81,2015
490,Francesco Yates,Sugar (feat. Francesco Yates),canadian pop,59,2015
491,Calvin Harris,How Deep Is Your Love,dance pop,83,2015
492,Disciples,How Deep Is Your Love,deep groove house,61,2015
493,Hozier,Take Me to Church,irish singer-songwriter,77,2015
494,Kygo,Firestone,edm,79,2015
495,Conrad Sewell,Firestone,australian pop,60,2015
496,Jeremih,oui,chicago rap,74,2015
497,Flo Rida,My House,dance pop,77,2015
498,X Ambassadors,Renegades,modern alternative rock,70,2015
499,Shawn Mendes,Stitches,canadian pop,84,2015
500,The Weeknd,In The Night,canadian contemporary r&b,93,2015
501,Taylor Swift,Style,pop,100,2015
502,Little Mix,Black Magic,dance pop,76,2015
503,Big Sean,I Don't Fuck With You,detroit hip hop,77,2015
504,E-40,I Don't Fuck With You,cali rap,67,2015
505,Pharrell Williams,"Happy - From ""Despicable Me 2""",hip hop,80,2014
506,Katy Perry,Dark Horse,dance pop,84,2014
507,Juicy J,Dark Horse,crunk,74,2014
508,One Direction,Night Changes,boy band,84,2014
509,Iggy Azalea,Fancy,australian hip hop,68,2014
510,Charli XCX,Fancy,art pop,76,2014
511,Sam Smith,I'm Not The Only One,dance pop,88,2014
512,Sam Smith,Stay With Me,dance pop,88,2014
513,MAGIC!,Rude,reggae fusion,65,2014
514,Sia,Chandelier,australian dance,84,2014
515,John Legend,All of Me,neo soul,77,2014
516,Paloma Faith,Only Love Can Hurt Like This,british soul,71,2014
517,Meghan Trainor,All About That Bass,dance pop,82,2014
518,Ed Sheeran,Photograph,pop,90,2014
519,Maroon 5,Maps,pop,85,2014
520,Coldplay,A Sky Full of Stars,permanent wave,88,2014
521,One Direction,Story of My Life,boy band,84,2014
522,MKTO,Classic,dance pop,65,2014
523,Calvin Harris,Summer,dance pop,83,2014
524,Ed Sheeran,Thinking out Loud,pop,90,2014
525,Pitbull,Timber (feat. Ke$ha),dance pop,81,2014
526,Kesha,Timber (feat. Ke$ha),dance pop,75,2014
527,Vance Joy,Riptide,folk-pop,74,2014
528,Rixton,Me And My Broken Heart,dance pop,61,2014
529,Jessie J,Bang Bang,dance pop,71,2014
530,Ariana Grande,Bang Bang,dance pop,89,2014
531,Nicki Minaj,Bang Bang,dance pop,85,2014
532,Maroon 5,Sugar,pop,85,2014
533,One Direction,Steal My Girl,boy band,84,2014
534,George Ezra,Budapest,folk-pop,73,2014
535,American Authors,Best Day Of My Life,indie poptimism,65,2014
536,Ariana Grande,Love Me Harder,dance pop,89,2014
537,The Weeknd,Love Me Harder,canadian contemporary r&b,93,2014
538,OneRepublic,Counting Stars,piano rock,84,2014
539,Avicii,Hey Brother,dance pop,80,2014
540,Maroon 5,Animals,pop,85,2014
541,ScHoolboy Q,Collard Greens,gangster rap,72,2014
542,Kendrick Lamar,Collard Greens,conscious hip hop,88,2014
543,Lorde,Team,art pop,76,2014
544,Mr. Probz,Waves - Robin Schulz Radio Edit,dutch hip hop,62,2014
545,Robin Schulz,Waves - Robin Schulz Radio Edit,dance pop,81,2014
546,Becky G,Shower,dance pop,78,2014
547,Nico & Vinz,Am I Wrong,pop rap,61,2014
548,Ariana Grande,Break Free,dance pop,89,2014
549,Zedd,Break Free,complextro,74,2014
550,Calvin Harris,Blame (feat. John Newman),dance pop,83,2014
551,John Newman,Blame (feat. John Newman),dance pop,68,2014
552,Labrinth,Jealous,indie poptimism,78,2014
553,Alex & Sierra,Little Do You Know,neo mellow,60,2014
554,Echosmith,Cool Kids,indie poptimism,60,2014
555,Idina Menzel,"Let It Go - From ""Frozen""/Soundtrack Version",hollywood,70,2014
556,Coldplay,Magic,permanent wave,88,2014
557,Ariana Grande,Problem,dance pop,89,2014
558,Iggy Azalea,Problem,australian hip hop,68,2014
559,The Script,Superheroes,celtic rock,73,2014
560,Tove Lo,Habits (Stay High),dance pop,75,2014
561,A Great Big World,Say Something,neo mellow,61,2014
562,Christina Aguilera,Say Something,dance pop,77,2014
563,Jeremih,Don't Tell 'Em,chicago rap,74,2014
564,YG,Don't Tell 'Em,cali rap,74,2014
565,Calvin Harris,Under Control (feat. Hurts),dance pop,83,2014
566,Alesso,Under Control (feat. Hurts),dance pop,75,2014
567,Hurts,Under Control (feat. Hurts),metropopolis,58,2014
568,Taylor Swift,Shake It Off,pop,100,2014
569,Milky Chance,Stolen Dance,german pop,72,2014
570,Lorde,Royals,art pop,76,2013
571,Robin Thicke,Blurred Lines,contemporary r&b,62,2013
572,T.I.,Blurred Lines,atl hip hop,73,2013
573,Pharrell Williams,Blurred Lines,hip hop,80,2013
574,Imagine Dragons,Radioactive,modern rock,88,2013
575,Avicii,Wake Me Up,dance pop,80,2013
576,Bruno Mars,Locked out of Heaven,dance pop,87,2013
577,Macklemore & Ryan Lewis,Thrift Shop (feat. Wanz),dance pop,73,2013
578,Macklemore,Thrift Shop (feat. Wanz),pop rap,76,2013
579,Daft Punk,Get Lucky (feat. Pharrell Williams & Nile Rodgers) - Radio Edit,electro,80,2013
580,Pharrell Williams,Get Lucky (feat. Pharrell Williams & Nile Rodgers) - Radio Edit,hip hop,80,2013
581,Nile Rodgers,Get Lucky (feat. Pharrell Williams & Nile Rodgers) - Radio Edit,disco,69,2013
582,Tom Odell,Another Love,chill pop,78,2013
583,The Neighbourhood,Sweater Weather,modern alternative rock,84,2013
584,Arctic Monkeys,Why'd You Only Call Me When You're High?,garage rock,87,2013
585,Capital Cities,Safe And Sound,metropopolis,65,2013
586,Bruno Mars,When I Was Your Man,dance pop,87,2013
587,Macklemore & Ryan Lewis,Can't Hold Us (feat. Ray Dalton),dance pop,73,2013
588,Macklemore,Can't Hold Us (feat. Ray Dalton),pop rap,76,2013
589,Kodaline,All I Want,irish pop,69,2013
590,P!nk,Just Give Me a Reason (feat. Nate Ruess),dance pop,79,2013
591,Christina Perri,A Thousand Years,dance pop,70,2013
592,Arctic Monkeys,Do I Wanna Know?,garage rock,87,2013
593,Lil Wayne,Love Me,hip hop,84,2013
594,Drake,Love Me,canadian hip hop,97,2013
595,Future,Love Me,atl hip hop,87,2013
596,Of Monsters and Men,Little Talks,folk-pop,67,2013
597,Katy Perry,Unconditionally,dance pop,84,2013
598,Demi Lovato,Heart Attack,dance pop,79,2013
599,Bruno Mars,Treasure,dance pop,87,2013
600,Justin Timberlake,Mirrors,dance pop,79,2013
601,Eminem,The Monster,detroit hip hop,91,2013
602,Rihanna,The Monster,barbadian pop,89,2013
603,Taylor Swift,I Knew You Were Trouble.,pop,100,2013
604,will.i.am,Scream & Shout,dance pop,72,2013
605,Britney Spears,Scream & Shout,dance pop,81,2013
606,Miley Cyrus,Wrecking Ball,dance pop,80,2013
607,Childish Gambino,3005,atl hip hop,78,2013
608,J. Cole,Power Trip (feat. Miguel),conscious hip hop,85,2013
609,Miguel,Power Trip (feat. Miguel),dance pop,77,2013
610,P!nk,Try,dance pop,79,2013
611,Pitbull,Feel This Moment (feat. Christina Aguilera),dance pop,81,2013
612,Christina Aguilera,Feel This Moment (feat. Christina Aguilera),dance pop,77,2013
613,Lorde,Team,art pop,76,2013
614,One Direction,Best Song Ever,boy band,84,2013
615,Miley Cyrus,We Can't Stop,dance pop,80,2013
616,Zedd,Clarity,complextro,74,2013
617,Foxes,Clarity,dance pop,60,2013
618,A$AP Rocky,"F**kin' Problems (feat. Drake, 2 Chainz & Kendrick Lamar)",east coast hip hop,80,2013
619,Drake,"F**kin' Problems (feat. Drake, 2 Chainz & Kendrick Lamar)",canadian hip hop,97,2013
620,2 Chainz,"F**kin' Problems (feat. Drake, 2 Chainz & Kendrick Lamar)",atl hip hop,75,2013
621,Kendrick Lamar,"F**kin' Problems (feat. Drake, 2 Chainz & Kendrick Lamar)",conscious hip hop,88,2013
622,Passenger,Let Her Go,folk-pop,70,2013
623,Bastille,Pompeii,metropopolis,74,2013
624,Kanye West,Black Skinhead,chicago rap,90,2013
625,Imagine Dragons,Demons,modern rock,88,2013
626,The Lumineers,Ho Hey,folk-pop,76,2013
627,Justin Bieber,Beauty And A Beat,canadian pop,90,2013
628,Nicki Minaj,Beauty And A Beat,dance pop,85,2013
629,AWOLNATION,Sail,la indie,61,2013
630,Calvin Harris,Sweet Nothing (feat. Florence Welch),dance pop,83,2013
631,Florence Welch,Sweet Nothing (feat. Florence Welch),uk pop,55,2013
632,Fall Out Boy,My Songs Know What You Did In The Dark (Light Em Up),emo,77,2013
633,Lana Del Rey,Summertime Sadness (Lana Del Rey Vs. Cedric Gervais) - Cedric Gervais Remix,art pop,88,2013
634,Cedric Gervais,Summertime Sadness (Lana Del Rey Vs. Cedric Gervais) - Cedric Gervais Remix,edm,62,2013
635,Katy Perry,Roar,dance pop,84,2013
636,Drake,"Hold On, We're Going Home",canadian hip hop,97,2013
637,Majid Jordan,"Hold On, We're Going Home",canadian contemporary r&b,66,2013
638,Rihanna,Stay - Album Version (Edited),barbadian pop,89,2013
639,Mikky Ekko,Stay - Album Version (Edited),nashville indie,66,2013
640,Bridgit Mendler,Ready or Not,dance pop,60,2013
641,Bruno Mars,Locked out of Heaven,dance pop,87,2012
642,Carly Rae Jepsen,Call Me Maybe,canadian pop,74,2012
643,fun.,We Are Young (feat. Janelle Monáe),baroque pop,66,2012
644,Janelle Monáe,We Are Young (feat. Janelle Monáe),afrofuturism,64,2012
645,Rihanna,Diamonds,barbadian pop,89,2012
646,Frank Ocean,Lost,hip hop,83,2012
647,JAY-Z,Ni**as In Paris,east coast hip hop,83,2012
648,Kanye West,Ni**as In Paris,chicago rap,90,2012
649,One Direction,What Makes You Beautiful,boy band,84,2012
650,Coldplay,Paradise,permanent wave,88,2012
651,Swedish House Mafia,Don't You Worry Child - Radio Edit,dance pop,75,2012
652,John Martin,Don't You Worry Child - Radio Edit,pop edm,67,2012
653,Christina Perri,A Thousand Years,dance pop,70,2012
654,Calvin Harris,Feel So Close - Radio Edit,dance pop,83,2012
655,Avicii,Levels - Radio Edit,dance pop,80,2012
656,Neon Trees,Everybody Talks,indie poptimism,65,2012
657,Frank Ocean,Thinkin Bout You,hip hop,83,2012
658,Train,Drive By,dance pop,72,2012
659,Taylor Swift,I Knew You Were Trouble.,pop,100,2012
660,Snoop Dogg,"Young, Wild & Free (feat. Bruno Mars)",g funk,82,2012
661,Wiz Khalifa,"Young, Wild & Free (feat. Bruno Mars)",dance pop,81,2012
662,Bruno Mars,"Young, Wild & Free (feat. Bruno Mars)",dance pop,87,2012
663,Adele,Skyfall,british soul,84,2012
664,Flo Rida,Whistle,dance pop,77,2012
665,James Arthur,Impossible,pop,79,2012
666,P!nk,Try,dance pop,79,2012
667,Kesha,Die Young,dance pop,75,2012
668,Owl City,Good Time,indietronica,68,2012
669,Carly Rae Jepsen,Good Time,canadian pop,74,2012
670,Alicia Keys,Girl on Fire,hip pop,77,2012
671,Pitbull,International Love (feat. Chris Brown),dance pop,81,2012
672,Chris Brown,International Love (feat. Chris Brown),dance pop,87,2012
673,Rihanna,We Found Love,barbadian pop,89,2012
674,Calvin Harris,We Found Love,dance pop,83,2012
675,Katy Perry,The One That Got Away,dance pop,84,2012
676,Gotye,Somebody That I Used To Know,australian pop,67,2012
677,Kimbra,Somebody That I Used To Know,bergen indie,67,2012
678,Flo Rida,Wild Ones (feat. Sia),dance pop,77,2012
679,Sia,Wild Ones (feat. Sia),australian dance,84,2012
680,Drake,Take Care,canadian hip hop,97,2012
681,Rihanna,Take Care,barbadian pop,89,2012
682,Taylor Swift,We Are Never Ever Getting Back Together,pop,100,2012
683,One Direction,Little Things,boy band,84,2012
684,Linkin Park,BURN IT DOWN,alternative metal,83,2012
685,The Lumineers,Ho Hey,folk-pop,76,2012
686,Olly Murs,Troublemaker (feat. Flo Rida),dance pop,65,2012
687,Flo Rida,Troublemaker (feat. Flo Rida),dance pop,77,2012
688,PSY,Gangnam Style (강남스타일),k-pop,66,2012
689,Katy Perry,Part Of Me,dance pop,84,2012
690,Drake,The Motto,canadian hip hop,97,2012
691,Lil Wayne,The Motto,hip hop,84,2012
692,Flo Rida,Good Feeling,dance pop,77,2012
693,One Direction,Live While We're Young,boy band,84,2012
694,MARINA,Primadonna,dance pop,73,2012
695,Nicki Minaj,Starships,dance pop,85,2012
696,alt-J,Breezeblocks,indie rock,69,2012
697,Kanye West,Mercy,chicago rap,90,2012
698,Big Sean,Mercy,detroit hip hop,77,2012
699,Pusha T,Mercy,alternative hip hop,72,2012
700,2 Chainz,Mercy,atl hip hop,75,2012
701,Maroon 5,Payphone,pop,85,2012
702,Wiz Khalifa,Payphone,dance pop,81,2012
703,Demi Lovato,Give Your Heart a Break,dance pop,79,2012
704,Disclosure,Latch,edm,72,2012
705,Sam Smith,Latch,dance pop,88,2012
706,Rihanna,Where Have You Been,barbadian pop,89,2012
707,Kendrick Lamar,Swimming Pools (Drank) - Extended Version,conscious hip hop,88,2012
708,Skrillex,Bangarang (feat. Sirah),brostep,74,2012
709,Adele,Rolling in the Deep,british soul,84,2011
710,Maroon 5,"Moves Like Jagger - Studio Recording From ""The Voice"" Performance",pop,85,2011
711,Christina Aguilera,"Moves Like Jagger - Studio Recording From ""The Voice"" Performance",dance pop,77,2011
712,LMFAO,Party Rock Anthem,dance pop,66,2011
713,Katy Perry,Firework,dance pop,84,2011
714,Bruno Mars,Grenade,dance pop,87,2011
715,Coldplay,Paradise,permanent wave,88,2011
716,Miguel,Sure Thing,dance pop,77,2011
717,Foster The People,Pumped Up Kicks,indietronica,70,2011
718,Gym Class Heroes,Stereo Hearts (feat. Adam Levine),dance pop,68,2011
719,Adam Levine,Stereo Hearts (feat. Adam Levine),deep talent show,72,2011
720,Pitbull,"Give Me Everything (feat. Ne-Yo, Afrojack & Nayer)",dance pop,81,2011
721,Ne-Yo,"Give Me Everything (feat. Ne-Yo, Afrojack & Nayer)",dance pop,77,2011
722,Afrojack,"Give Me Everything (feat. Ne-Yo, Afrojack & Nayer)",big room,72,2011
723,Nayer,"Give Me Everything (feat. Ne-Yo, Afrojack & Nayer)",deep dance pop,64,2011
724,Selena Gomez & The Scene,Love You Like A Love Song,dance pop,68,2011
725,Christina Perri,A Thousand Years,dance pop,70,2011
726,Adele,Set Fire to the Rain,british soul,84,2011
727,Nicki Minaj,Super Bass,dance pop,85,2011
728,Jennifer Lopez,On The Floor,dance pop,75,2011
729,Pitbull,On The Floor,dance pop,81,2011
730,Rihanna,S&M,barbadian pop,89,2011
731,Grouplove,Tongue Tied,indie poptimism,63,2011
732,The Wanted,Glad You Came,boy band,64,2011
733,Adele,Someone Like You,british soul,84,2011
734,Black Eyed Peas,Just Can’t Get Enough,dance pop,80,2011
735,Drake,Headlines,canadian hip hop,97,2011
736,P!nk,Raise Your Glass,dance pop,79,2011
737,Waka Flocka Flame,No Hands (feat. Roscoe Dash & Wale),atl hip hop,65,2011
738,Roscoe Dash,No Hands (feat. Roscoe Dash & Wale),atl hip hop,59,2011
739,Wale,No Hands (feat. Roscoe Dash & Wale),gangster rap,70,2011
740,Selena Gomez & The Scene,Who Says,dance pop,68,2011
741,Rihanna,We Found Love,barbadian pop,89,2011
742,Calvin Harris,We Found Love,dance pop,83,2011
743,Wiz Khalifa,Black and Yellow,dance pop,81,2011
744,Kanye West,All Of The Lights,chicago rap,90,2011
745,Katy Perry,Last Friday Night (T.G.I.F.),dance pop,84,2011
746,Bruno Mars,Marry You,dance pop,87,2011
747,Jeremih,Down On Me,chicago rap,74,2011
748,50 Cent,Down On Me,east coast hip hop,82,2011
749,Beyoncé,Love On Top,dance pop,86,2011
750,Ed Sheeran,The A Team,pop,90,2011
751,Avril Lavigne,What the Hell,canadian pop,76,2011
752,Eric Church,Springsteen,contemporary country,70,2011
753,Christina Perri,Jar of Hearts,dance pop,70,2011
754,OneRepublic,Good Life,piano rock,84,2011
755,Bruno Mars,The Lazy Song,dance pop,87,2011
756,Pitbull,Hey Baby (Drop It to the Floor) (feat. T-Pain),dance pop,81,2011
757,T-Pain,Hey Baby (Drop It to the Floor) (feat. T-Pain),dance pop,76,2011
758,Ed Sheeran,Lego House,pop,90,2011
759,Lil Wayne,6 Foot 7 Foot,hip hop,84,2011
760,Cory Gunz,6 Foot 7 Foot,nyc rap,56,2011
761,Jason Aldean,Dirt Road Anthem,contemporary country,73,2011
762,Dr. Dre,I Need A Doctor,g funk,79,2011
763,Eminem,I Need A Doctor,detroit hip hop,91,2011
764,Skylar Grey,I Need A Doctor,piano rock,67,2011
765,Hot Chelle Rae,Tonight Tonight,dance pop,57,2011
766,Birdy,Skinny Love,pop,70,2011
767,Rihanna,What's My Name?,barbadian pop,89,2011
768,Drake,What's My Name?,canadian hip hop,97,2011
769,Kesha,We R Who We R,dance pop,75,2011
770,M83,Midnight City,french shoegaze,69,2011
771,Chris Brown,Look At Me Now (feat. Lil' Wayne & Busta Rhymes),dance pop,87,2011
772,Lil Wayne,Look At Me Now (feat. Lil' Wayne & Busta Rhymes),hip hop,84,2011
773,Busta Rhymes,Look At Me Now (feat. Lil' Wayne & Busta Rhymes),east coast hip hop,70,2011
774,Cobra Starship,You Make Me Feel... (feat. Sabi),dance pop,57,2011
775,Coldplay,Every Teardrop Is a Waterfall,permanent wave,88,2011
776,Bruno Mars,Just the Way You Are,dance pop,87,2010
777,Eminem,Love The Way You Lie,detroit hip hop,91,2010
778,Rihanna,Love The Way You Lie,barbadian pop,89,2010
779,Lady Gaga,Bad Romance,art pop,84,2010
780,Stromae,Alors on danse - Radio Edit,belgian pop,71,2010
781,Kesha,TiK ToK,dance pop,75,2010
782,David Guetta,Memories (feat. Kid Cudi),big room,88,2010
783,Kid Cudi,Memories (feat. Kid Cudi),hip hop,81,2010
784,Taio Cruz,Dynamite,dance pop,68,2010
785,Rihanna,Only Girl (In The World),barbadian pop,89,2010
786,Katy Perry,California Gurls,dance pop,84,2010
787,Snoop Dogg,California Gurls,g funk,82,2010
788,Bruno Mars,Talking to the Moon,dance pop,87,2010
789,Train,"Hey, Soul Sister",dance pop,72,2010
790,Justin Bieber,Baby,canadian pop,90,2010
791,Ludacris,Baby,atl hip hop,75,2010
792,Eminem,Not Afraid,detroit hip hop,91,2010
793,Don Omar,Danza Kuduro,latin hip hop,80,2010
794,Lucenzo,Danza Kuduro,francoton,68,2010
795,Usher,DJ Got Us Fallin' In Love (feat. Pitbull),atl hip hop,78,2010
796,Pitbull,DJ Got Us Fallin' In Love (feat. Pitbull),dance pop,81,2010
797,Owl City,Fireflies,indietronica,68,2010
798,Jay Sean,Down,dance pop,65,2010
799,Lil Wayne,Down,hip hop,84,2010
800,Mike Posner,Cooler Than Me - Single Mix,dance pop,69,2010
801,Gigamesh,Cooler Than Me - Single Mix,nu disco,59,2010
802,B.o.B,Nothin' on You (feat. Bruno Mars),atl hip hop,72,2010
803,Bruno Mars,Nothin' on You (feat. Bruno Mars),dance pop,87,2010
804,Flo Rida,Club Can't Handle Me (feat. David Guetta),dance pop,77,2010
805,David Guetta,Club Can't Handle Me (feat. David Guetta),big room,88,2010
806,Rihanna,Rude Boy,barbadian pop,89,2010
807,Taio Cruz,Break Your Heart,dance pop,68,2010
808,Nelly,Just A Dream,dance pop,74,2010
809,Usher,OMG (feat. will.i.am),atl hip hop,78,2010
810,will.i.am,OMG (feat. will.i.am),dance pop,72,2010
811,Katy Perry,Teenage Dream,dance pop,84,2010
812,Lady Gaga,Alejandro,art pop,84,2010
813,B.o.B,Airplanes (feat. Hayley Williams of Paramore),atl hip hop,72,2010
814,Hayley Williams,Airplanes (feat. Hayley Williams of Paramore),art pop,64,2010
815,Iyaz,Replay,dance pop,63,2010
816,Travie McCoy,Billionaire (feat. Bruno Mars),pop rap,61,2010
817,Bruno Mars,Billionaire (feat. Bruno Mars),dance pop,87,2010
818,Alicia Keys,Empire State of Mind (Part II) Broken Down,hip pop,77,2010
819,Rihanna,What's My Name?,barbadian pop,89,2010
820,Drake,What's My Name?,canadian hip hop,97,2010
821,Lady Gaga,Telephone,art pop,84,2010
822,Beyoncé,Telephone,dance pop,86,2010
823,Trey Songz,Bottoms Up (feat. Nicki Minaj),dance pop,69,2010
824,Nicki Minaj,Bottoms Up (feat. Nicki Minaj),dance pop,85,2010
825,Neon Trees,Animal,indie poptimism,65,2010
826,Black Eyed Peas,The Time (Dirty Bit),dance pop,80,2010
827,Young Money,BedRock,dance pop,62,2010
828,Lloyd,BedRock,dance pop,65,2010
829,Far East Movement,Like A G6,asian american hip hop,64,2010
830,The Cataracs,Like A G6,pop rap,59,2010
831,DEV,Like A G6,electropop,60,2010
832,Rihanna,Te Amo,barbadian pop,89,2010
833,Shontelle,Impossible,barbadian pop,55,2010
834,Taylor Swift,Back To December,pop,100,2010
835,Kesha,Your Love Is My Drug,dance pop,75,2010
836,Lil Wayne,Right Above It,hip hop,84,2010
837,Drake,Right Above It,canadian hip hop,97,2010
838,Two Door Cinema Club,What You Know,indietronica,67,2010
839,Timbaland,If We Ever Meet Again (Featuring Katy Perry),dance pop,75,2010
840,Katy Perry,If We Ever Meet Again (Featuring Katy Perry),dance pop,84,2010
841,Jay Sean,Do You Remember,dance pop,65,2010
842,Sean Paul,Do You Remember,dance pop,79,2010
843,Lil Jon,Do You Remember,atl hip hop,71,2010
844,Kesha,Take It Off,dance pop,75,2010
845,Drake,Over,canadian hip hop,97,2010
846,Chris Brown,Deuces (feat. Tyga & Kevin McCall),dance pop,87,2010
847,Tyga,Deuces (feat. Tyga & Kevin McCall),dance pop,79,2010
848,Edward Maya,Stereo Love - Radio Edit,dance pop,63,2010
849,Vika Jigulina,Stereo Love - Radio Edit,moldovan pop,62,2010
850,Ludacris,My Chick Bad,atl hip hop,75,2010
851,Nicki Minaj,My Chick Bad,dance pop,85,2010
852,Black Eyed Peas,I Gotta Feeling,dance pop,80,2009
853,Lady Gaga,Poker Face,art pop,84,2009
854,Beyoncé,Halo,dance pop,86,2009
855,David Guetta,Sexy Bitch (feat. Akon),big room,88,2009
856,Akon,Sexy Bitch (feat. Akon),dance pop,80,2009
857,Flo Rida,Right Round,dance pop,77,2009
858,Taylor Swift,Love Story,pop,100,2009
859,Kanye West,Heartless,chicago rap,90,2009
860,JAY-Z,Empire State Of Mind,east coast hip hop,83,2009
861,Alicia Keys,Empire State Of Mind,hip pop,77,2009
862,Kings of Leon,Sex on Fire,modern rock,73,2009
863,Jason Mraz,I'm Yours,acoustic pop,72,2009
864,Empire of the Sun,Walking On A Dream,alternative dance,68,2009
865,Lady Gaga,Bad Romance,art pop,84,2009
866,Jay Sean,Down,dance pop,65,2009
867,Lil Wayne,Down,hip hop,84,2009
868,Soulja Boy,Kiss Me Thru The Phone,atl hip hop,69,2009
869,Sammie,Kiss Me Thru The Phone,contemporary r&b,60,2009
870,Skillet,Monster,alternative metal,71,2009
871,JAY-Z,Run This Town,east coast hip hop,83,2009
872,Rihanna,Run This Town,barbadian pop,89,2009
873,Kanye West,Run This Town,chicago rap,90,2009
874,Drake,Best I Ever Had,canadian hip hop,97,2009
875,Kings of Leon,Use Somebody,modern rock,73,2009
876,OneRepublic,Secrets,piano rock,84,2009
877,Muse,Uprising,modern rock,75,2009
878,Taylor Swift,You Belong With Me,pop,100,2009
879,Lady Gaga,Just Dance,art pop,84,2009
880,Colby O'Donis,Just Dance,pop rap,67,2009
881,Miley Cyrus,Party In The U.S.A.,dance pop,80,2009
882,T.I.,Live Your Life,atl hip hop,73,2009
883,Rihanna,Live Your Life,barbadian pop,89,2009
884,Green Day,21 Guns,permanent wave,78,2009
885,Britney Spears,Circus,dance pop,81,2009
886,Paramore,The Only Exception,candy pop,78,2009
887,The Fray,You Found Me,neo mellow,68,2009
888,Drake,Forever,canadian hip hop,97,2009
889,Kanye West,Forever,chicago rap,90,2009
890,Lil Wayne,Forever,hip hop,84,2009
891,Eminem,Forever,detroit hip hop,91,2009
892,Eminem,Crack A Bottle,detroit hip hop,91,2009
893,Dr. Dre,Crack A Bottle,g funk,79,2009
894,50 Cent,Crack A Bottle,east coast hip hop,82,2009
895,T.I.,Whatever You Like,atl hip hop,73,2009
896,Kid Cudi,Day 'N' Nite (nightmare),hip hop,81,2009
897,Michael Bublé,Haven't Met You Yet,adult standards,82,2009
898,Lady Gaga,LoveGame,art pop,84,2009
899,Sean Kingston,Fire Burning,dance pop,68,2009
900,Justin Bieber,One Time,canadian pop,90,2009
901,La Roux,Bulletproof,alternative dance,63,2009
902,Shakira,She Wolf,colombian pop,86,2009
903,Florence + The Machine,Dog Days Are Over,baroque pop,74,2009
904,3OH!3,DONTTRUSTME,dance pop,61,2009
905,Britney Spears,If U Seek Amy,dance pop,81,2009
906,Mumford & Sons,Little Lion Man,modern folk rock,71,2009
907,Lady Gaga,Paparazzi,art pop,84,2009
908,Pitbull,Hotel Room Service,dance pop,81,2009
909,The All-American Rejects,Gives You Hell,modern rock,66,2009
910,Ne-Yo,Mad,dance pop,77,2009
911,Linkin Park,New Divide,alternative metal,83,2009
912,Shinedown,Second Chance,alternative metal,70,2009
913,Black Eyed Peas,Meet Me Halfway,dance pop,80,2009
914,Kelly Clarkson,My Life Would Suck Without You,dance pop,77,2009
915,Flo Rida,Low (feat. T-Pain),dance pop,77,2008
916,T-Pain,Low (feat. T-Pain),dance pop,76,2008
917,Katy Perry,I Kissed A Girl,dance pop,84,2008
918,Rihanna,Take A Bow,barbadian pop,89,2008
919,Alicia Keys,No One,hip pop,77,2008
920,Timbaland,Apologize,dance pop,75,2008
921,OneRepublic,Apologize,piano rock,84,2008
922,Ne-Yo,Miss Independent,dance pop,77,2008
923,Chris Brown,With You,dance pop,87,2008
924,Beyoncé,If I Were a Boy,dance pop,86,2008
925,Coldplay,Viva La Vida,permanent wave,88,2008
926,Kanye West,Flashing Lights,chicago rap,90,2008
927,Dwele,Flashing Lights,neo soul,66,2008
928,Kings of Leon,Sex on Fire,modern rock,73,2008
929,The Offspring,"You're Gonna Go Far, Kid",alternative metal,75,2008
930,Rihanna,Don't Stop The Music,barbadian pop,89,2008
931,MGMT,Kids,alternative dance,74,2008
932,M.I.A.,Paper Planes,dance pop,66,2008
933,P!nk,So What,dance pop,79,2008
934,Chris Brown,Forever,dance pop,87,2008
935,Kings of Leon,Use Somebody,modern rock,73,2008
936,Britney Spears,Womanizer,dance pop,81,2008
937,Kanye West,Homecoming,chicago rap,90,2008
938,Rihanna,Disturbia,barbadian pop,89,2008
939,T.I.,Live Your Life,atl hip hop,73,2008
940,Rihanna,Live Your Life,barbadian pop,89,2008
941,Soulja Boy,Crank That (Soulja Boy),atl hip hop,69,2008
942,The Killers,Human,alternative rock,76,2008
943,Finger Eleven,Paralyzer,alternative metal,59,2008
944,Cage The Elephant,Ain't No Rest for the Wicked,modern rock,73,2008
945,Guru Josh Project,Infinity 2008 - Klaas Vocal Edit,acid house,55,2008
946,Klaas,Infinity 2008 - Klaas Vocal Edit,edm,65,2008
947,Kanye West,Good Life,chicago rap,90,2008
948,T-Pain,Good Life,dance pop,76,2008
949,Kardinal Offishall,Dangerous,canadian old school hip hop,60,2008
950,Akon,Dangerous,dance pop,80,2008
951,T.I.,Whatever You Like,atl hip hop,73,2008
952,Bon Iver,Skinny Love,eau claire indie,75,2008
953,Kid Rock,All Summer Long,alternative metal,65,2008
954,Sara Bareilles,Love Song,acoustic pop,65,2008
955,Chris Brown,Kiss Kiss (feat. T-Pain),dance pop,87,2008
956,T-Pain,Kiss Kiss (feat. T-Pain),dance pop,76,2008
957,John Mayer,"Free Fallin' - Live at the Nokia Theatre, Los Angeles, CA - December 2007",neo mellow,77,2008
958,Usher,Love in This Club (feat. Young Jeezy),atl hip hop,78,2008
959,Jeezy,Love in This Club (feat. Young Jeezy),atl hip hop,70,2008
960,Lil Wayne,Lollipop,hip hop,84,2008
961,Jordin Sparks,No Air (feat. Chris Brown),dance pop,62,2008
962,Chris Brown,No Air (feat. Chris Brown),dance pop,87,2008
963,Rihanna,Hate That I Love You,barbadian pop,89,2008
964,Ne-Yo,Hate That I Love You,dance pop,77,2008
965,Madonna,4 Minutes (feat. Justin Timberlake & Timbaland),dance pop,76,2008
966,Justin Timberlake,4 Minutes (feat. Justin Timberlake & Timbaland),dance pop,79,2008
967,Timbaland,4 Minutes (feat. Justin Timberlake & Timbaland),dance pop,75,2008
968,The Pussycat Dolls,When I Grow Up,dance pop,68,2008
969,Adele,Chasing Pavements,british soul,84,2008
970,Katy Perry,Hot N Cold,dance pop,84,2008
971,Saving Abel,Addicted,alternative metal,55,2008
972,Mariah Carey,Touch My Body,dance pop,81,2008
973,Lil Wayne,A Milli,hip hop,84,2008
974,Jonas Brothers,Burnin' Up,boy band,75,2008
975,Natasha Bedingfield,Pocketful of Sunshine,dance pop,64,2008
976,Jeezy,Put On,atl hip hop,70,2008
977,Kanye West,Put On,chicago rap,90,2008
978,Eric Prydz,Pjanoo - Radio Edit,disco house,63,2008
